source,dest,action,note
/Users/sebastianricketts/Desktop/LPB/2025m7/2025m7d17_pull2/2025_M7_D17_C5_15.heic,/Users/sebastianricketts/Desktop/LPB/2025m7/tn_2025m7d17_pull2/tn_2025_M7_D17_C5_15.jpg,MAKE,MADE
/Users/sebastianricketts/Desktop/LPB/2025m7/2025m7d17_pull2/2025_M7_D17_C6_52.heic,/Users/sebastianricketts/Desktop/LPB/2025m7/tn_2025m7d17_pull2/tn_2025_M7_D17_C6_52.jpg,MAKE,MADE
/Users/sebastianricketts/Desktop/LPB/2025m7/2025m7d17_pull2/2025_M7_D17_C5_42.heic,/Users/sebastianricketts/Desktop/LPB/2025m7/tn_2025m7d17_pull2/tn_2025_M7_D17_C5_42.jpg,MAKE,MADE
/Users/sebastianricketts/Desktop/LPB/2025m7/2025m7d17_pull2/2025_M7_D17_C6_44.heic,/Users/sebastianricketts/Desktop/LPB/2025m7/tn_2025m7d17_pull2/tn_2025_M7_D17_C6_44.jpg,MAKE,MADE
/Users/sebastianricketts/Desktop/LPB/2025m7/2025m7d17_pull2/2025_M7_D17_C5_54.heic,/Users/sebastianricketts/Desktop/LPB/2025m7/tn_2025m7d17_pull2/tn_2025_M7_D17_C5_54.jpg,MAKE,MADE
/Users/sebastianricketts/Desktop/LPB/2025m7/2025m7d17_pull2/2025_M7_D17_C6_13.heic,/Users/sebastianricketts/Desktop/LPB/2025m7/tn_2025m7d17_pull2/tn_2025_M7_D17_C6_13.jpg,MAKE,MADE
/Users/sebastianricketts/Desktop/LPB/2025m7/2025m7d17_pull2/2025_M7_D17_C6_68.heic,/Users/sebastianricketts/Desktop/LPB/2025m7/tn_2025m7d17_pull2/tn_2025_M7_D17_C6_68.jpg,MAKE,MADE
/Users/sebastianricketts/Desktop/LPB/2025m7/2025m7d17_pull2/2025_M7_D17_C5_97.heic,/Users/sebastianricketts/Desktop/LPB/2025m7/tn_2025m7d17_pull2/tn_2025_M7_D17_C5_97.jpg,MAKE,MADE
/Users/sebastianricketts/Desktop/LPB/2025m7/2025m7d17_pull2/2025_M7_D17_C5_78.heic,/Users/sebastianricketts/Desktop/LPB/2025m7/tn_2025m7d17_pull2/tn_2025_M7_D17_C5_78.jpg,MAKE,MADE
/Users/sebastianricketts/Desktop/LPB/2025m7/2025m7d17_pull2/2025_M7_D17_C6_29.heic,/Users/sebastianricketts/Desktop/LPB/2025m7/tn_2025m7d17_pull2/tn_2025_M7_D17_C6_29.jpg,MAKE,MADE
/Users/sebastianricketts/Desktop/LPB/2025m7/2025m7d17_pull2/2025_M7_D17_C6_8.heic,/Users/sebastianricketts/Desktop/LPB/2025m7/tn_2025m7d17_pull2/tn_2025_M7_D17_C6_8.jpg,MAKE,MADE
/Users/sebastianricketts/Desktop/LPB/2025m7/2025m7d17_pull2/2025_M7_D17_C5_39.heic,/Users/sebastianricketts/Desktop/LPB/2025m7/tn_2025m7d17_pull2/tn_2025_M7_D17_C5_39.jpg,MAKE,MADE
/Users/sebastianricketts/Desktop/LPB/2025m7/2025m7d17_pull2/2025_M7_D17_C5_81.heic,/Users/sebastianricketts/Desktop/LPB/2025m7/tn_2025m7d17_pull2/tn_2025_M7_D17_C5_81.jpg,MAKE,MADE
/Users/sebastianricketts/Desktop/LPB/2025m7/2025m7d17_pull2/2025_M7_D17_C5_19.heic,/Users/sebastianricketts/Desktop/LPB/2025m7/tn_2025m7d17_pull2/tn_2025_M7_D17_C5_19.jpg,MAKE,MADE
/Users/sebastianricketts/Desktop/LPB/2025m7/2025m7d17_pull2/2025_M7_D17_C5_1.heic,/Users/sebastianricketts/Desktop/LPB/2025m7/tn_2025m7d17_pull2/tn_2025_M7_D17_C5_1.jpg,MAKE,MADE
/Users/sebastianricketts/Desktop/LPB/2025m7/2025m7d17_pull2/2025_M7_D17_C5_58.heic,/Users/sebastianricketts/Desktop/LPB/2025m7/tn_2025m7d17_pull2/tn_2025_M7_D17_C5_58.jpg,MAKE,MADE
/Users/sebastianricketts/Desktop/LPB/2025m7/2025m7d17_pull2/2025_M7_D17_C6_48.heic,/Users/sebastianricketts/Desktop/LPB/2025m7/tn_2025m7d17_pull2/tn_2025_M7_D17_C6_48.jpg,MAKE,MADE
/Users/sebastianricketts/Desktop/LPB/2025m7/2025m7d17_pull2/2025_M7_D17_C5_74.heic,/Users/sebastianricketts/Desktop/LPB/2025m7/tn_2025m7d17_pull2/tn_2025_M7_D17_C5_74.jpg,MAKE,MADE
/Users/sebastianricketts/Desktop/LPB/2025m7/2025m7d17_pull2/2025_M7_D17_C6_64.heic,/Users/sebastianricketts/Desktop/LPB/2025m7/tn_2025m7d17_pull2/tn_2025_M7_D17_C6_64.jpg,MAKE,MADE
/Users/sebastianricketts/Desktop/LPB/2025m7/2025m7d17_pull2/2025_M7_D17_C5_23.heic,/Users/sebastianricketts/Desktop/LPB/2025m7/tn_2025m7d17_pull2/tn_2025_M7_D17_C5_23.jpg,MAKE,MADE
/Users/sebastianricketts/Desktop/LPB/2025m7/2025m7d17_pull2/2025_M7_D17_C6_33.heic,/Users/sebastianricketts/Desktop/LPB/2025m7/tn_2025m7d17_pull2/tn_2025_M7_D17_C6_33.jpg,MAKE,MADE
/Users/sebastianricketts/Desktop/LPB/2025m7/2025m7d17_pull2/2025_M7_D17_C6_4.heic,/Users/sebastianricketts/Desktop/LPB/2025m7/tn_2025m7d17_pull2/tn_2025_M7_D17_C6_4.jpg,MAKE,MADE
/Users/sebastianricketts/Desktop/LPB/2025m7/2025m7d17_pull2/2025_M7_D17_C5_35.heic,/Users/sebastianricketts/Desktop/LPB/2025m7/tn_2025m7d17_pull2/tn_2025_M7_D17_C5_35.jpg,MAKE,MADE
/Users/sebastianricketts/Desktop/LPB/2025m7/2025m7d17_pull2/2025_M7_D17_C6_25.heic,/Users/sebastianricketts/Desktop/LPB/2025m7/tn_2025m7d17_pull2/tn_2025_M7_D17_C6_25.jpg,MAKE,MADE
/Users/sebastianricketts/Desktop/LPB/2025m7/2025m7d17_pull2/2025_M7_D17_C5_62.heic,/Users/sebastianricketts/Desktop/LPB/2025m7/tn_2025m7d17_pull2/tn_2025_M7_D17_C5_62.jpg,MAKE,MADE
/Users/sebastianricketts/Desktop/LPB/2025m7/2025m7d17_pull2/2025_M7_D17_C5_63.heic,/Users/sebastianricketts/Desktop/LPB/2025m7/tn_2025m7d17_pull2/tn_2025_M7_D17_C5_63.jpg,MAKE,MADE
/Users/sebastianricketts/Desktop/LPB/2025m7/2025m7d17_pull2/2025_M7_D17_C6_24.heic,/Users/sebastianricketts/Desktop/LPB/2025m7/tn_2025m7d17_pull2/tn_2025_M7_D17_C6_24.jpg,MAKE,MADE
/Users/sebastianricketts/Desktop/LPB/2025m7/2025m7d17_pull2/2025_M7_D17_C6_5.heic,/Users/sebastianricketts/Desktop/LPB/2025m7/tn_2025m7d17_pull2/tn_2025_M7_D17_C6_5.jpg,MAKE,MADE
/Users/sebastianricketts/Desktop/LPB/2025m7/2025m7d17_pull2/2025_M7_D17_C5_34.heic,/Users/sebastianricketts/Desktop/LPB/2025m7/tn_2025m7d17_pull2/tn_2025_M7_D17_C5_34.jpg,MAKE,MADE
/Users/sebastianricketts/Desktop/LPB/2025m7/2025m7d17_pull2/2025_M7_D17_C6_32.heic,/Users/sebastianricketts/Desktop/LPB/2025m7/tn_2025m7d17_pull2/tn_2025_M7_D17_C6_32.jpg,MAKE,MADE
/Users/sebastianricketts/Desktop/LPB/2025m7/2025m7d17_pull2/2025_M7_D17_C5_22.heic,/Users/sebastianricketts/Desktop/LPB/2025m7/tn_2025m7d17_pull2/tn_2025_M7_D17_C5_22.jpg,MAKE,MADE
/Users/sebastianricketts/Desktop/LPB/2025m7/2025m7d17_pull2/2025_M7_D17_C6_65.heic,/Users/sebastianricketts/Desktop/LPB/2025m7/tn_2025m7d17_pull2/tn_2025_M7_D17_C6_65.jpg,MAKE,MADE
/Users/sebastianricketts/Desktop/LPB/2025m7/2025m7d17_pull2/2025_M7_D17_C5_75.heic,/Users/sebastianricketts/Desktop/LPB/2025m7/tn_2025m7d17_pull2/tn_2025_M7_D17_C5_75.jpg,MAKE,MADE
/Users/sebastianricketts/Desktop/LPB/2025m7/2025m7d17_pull2/2025_M7_D17_C6_49.heic,/Users/sebastianricketts/Desktop/LPB/2025m7/tn_2025m7d17_pull2/tn_2025_M7_D17_C6_49.jpg,MAKE,MADE
/Users/sebastianricketts/Desktop/LPB/2025m7/2025m7d17_pull2/2025_M7_D17_C5_59.heic,/Users/sebastianricketts/Desktop/LPB/2025m7/tn_2025m7d17_pull2/tn_2025_M7_D17_C5_59.jpg,MAKE,MADE
/Users/sebastianricketts/Desktop/LPB/2025m7/2025m7d17_pull2/2025_M7_D17_C5_18.heic,/Users/sebastianricketts/Desktop/LPB/2025m7/tn_2025m7d17_pull2/tn_2025_M7_D17_C5_18.jpg,MAKE,MADE
/Users/sebastianricketts/Desktop/LPB/2025m7/2025m7d17_pull2/2025_M7_D17_C5_80.heic,/Users/sebastianricketts/Desktop/LPB/2025m7/tn_2025m7d17_pull2/tn_2025_M7_D17_C5_80.jpg,MAKE,MADE
/Users/sebastianricketts/Desktop/LPB/2025m7/2025m7d17_pull2/2025_M7_D17_C6_9.heic,/Users/sebastianricketts/Desktop/LPB/2025m7/tn_2025m7d17_pull2/tn_2025_M7_D17_C6_9.jpg,MAKE,MADE
/Users/sebastianricketts/Desktop/LPB/2025m7/2025m7d17_pull2/2025_M7_D17_C5_38.heic,/Users/sebastianricketts/Desktop/LPB/2025m7/tn_2025m7d17_pull2/tn_2025_M7_D17_C5_38.jpg,MAKE,MADE
/Users/sebastianricketts/Desktop/LPB/2025m7/2025m7d17_pull2/2025_M7_D17_C6_28.heic,/Users/sebastianricketts/Desktop/LPB/2025m7/tn_2025m7d17_pull2/tn_2025_M7_D17_C6_28.jpg,MAKE,MADE
/Users/sebastianricketts/Desktop/LPB/2025m7/2025m7d17_pull2/2025_M7_D17_C5_96.heic,/Users/sebastianricketts/Desktop/LPB/2025m7/tn_2025m7d17_pull2/tn_2025_M7_D17_C5_96.jpg,MAKE,MADE
/Users/sebastianricketts/Desktop/LPB/2025m7/2025m7d17_pull2/2025_M7_D17_C5_79.heic,/Users/sebastianricketts/Desktop/LPB/2025m7/tn_2025m7d17_pull2/tn_2025_M7_D17_C5_79.jpg,MAKE,MADE
/Users/sebastianricketts/Desktop/LPB/2025m7/2025m7d17_pull2/2025_M7_D17_C6_69.heic,/Users/sebastianricketts/Desktop/LPB/2025m7/tn_2025m7d17_pull2/tn_2025_M7_D17_C6_69.jpg,MAKE,MADE
/Users/sebastianricketts/Desktop/LPB/2025m7/2025m7d17_pull2/2025_M7_D17_C6_12.heic,/Users/sebastianricketts/Desktop/LPB/2025m7/tn_2025m7d17_pull2/tn_2025_M7_D17_C6_12.jpg,MAKE,MADE
/Users/sebastianricketts/Desktop/LPB/2025m7/2025m7d17_pull2/2025_M7_D17_C5_55.heic,/Users/sebastianricketts/Desktop/LPB/2025m7/tn_2025m7d17_pull2/tn_2025_M7_D17_C5_55.jpg,MAKE,MADE
/Users/sebastianricketts/Desktop/LPB/2025m7/2025m7d17_pull2/2025_M7_D17_C6_45.heic,/Users/sebastianricketts/Desktop/LPB/2025m7/tn_2025m7d17_pull2/tn_2025_M7_D17_C6_45.jpg,MAKE,MADE
/Users/sebastianricketts/Desktop/LPB/2025m7/2025m7d17_pull2/2025_M7_D17_C5_43.heic,/Users/sebastianricketts/Desktop/LPB/2025m7/tn_2025m7d17_pull2/tn_2025_M7_D17_C5_43.jpg,MAKE,MADE
/Users/sebastianricketts/Desktop/LPB/2025m7/2025m7d17_pull2/2025_M7_D17_C6_53.heic,/Users/sebastianricketts/Desktop/LPB/2025m7/tn_2025m7d17_pull2/tn_2025_M7_D17_C6_53.jpg,MAKE,MADE
/Users/sebastianricketts/Desktop/LPB/2025m7/2025m7d17_pull2/2025_M7_D17_C5_14.heic,/Users/sebastianricketts/Desktop/LPB/2025m7/tn_2025m7d17_pull2/tn_2025_M7_D17_C5_14.jpg,MAKE,MADE
/Users/sebastianricketts/Desktop/LPB/2025m7/2025m7d17_pull2/2025_M7_D17_C5_7.heic,/Users/sebastianricketts/Desktop/LPB/2025m7/tn_2025m7d17_pull2/tn_2025_M7_D17_C5_7.jpg,MAKE,MADE
/Users/sebastianricketts/Desktop/LPB/2025m7/2025m7d17_pull2/2025_M7_D17_C5_48.heic,/Users/sebastianricketts/Desktop/LPB/2025m7/tn_2025m7d17_pull2/tn_2025_M7_D17_C5_48.jpg,MAKE,MADE
/Users/sebastianricketts/Desktop/LPB/2025m7/2025m7d17_pull2/2025_M7_D17_C6_58.heic,/Users/sebastianricketts/Desktop/LPB/2025m7/tn_2025m7d17_pull2/tn_2025_M7_D17_C6_58.jpg,MAKE,MADE
/Users/sebastianricketts/Desktop/LPB/2025m7/2025m7d17_pull2/2025_M7_D17_C6_19.heic,/Users/sebastianricketts/Desktop/LPB/2025m7/tn_2025m7d17_pull2/tn_2025_M7_D17_C6_19.jpg,MAKE,MADE
/Users/sebastianricketts/Desktop/LPB/2025m7/2025m7d17_pull2/2025_M7_D17_C5_72.heic,/Users/sebastianricketts/Desktop/LPB/2025m7/tn_2025m7d17_pull2/tn_2025_M7_D17_C5_72.jpg,MAKE,MADE
/Users/sebastianricketts/Desktop/LPB/2025m7/2025m7d17_pull2/2025_M7_D17_C6_62.heic,/Users/sebastianricketts/Desktop/LPB/2025m7/tn_2025m7d17_pull2/tn_2025_M7_D17_C6_62.jpg,MAKE,MADE
/Users/sebastianricketts/Desktop/LPB/2025m7/2025m7d17_pull2/2025_M7_D17_C5_25.heic,/Users/sebastianricketts/Desktop/LPB/2025m7/tn_2025m7d17_pull2/tn_2025_M7_D17_C5_25.jpg,MAKE,MADE
/Users/sebastianricketts/Desktop/LPB/2025m7/2025m7d17_pull2/2025_M7_D17_C6_35.heic,/Users/sebastianricketts/Desktop/LPB/2025m7/tn_2025m7d17_pull2/tn_2025_M7_D17_C6_35.jpg,MAKE,MADE
/Users/sebastianricketts/Desktop/LPB/2025m7/2025m7d17_pull2/2025_M7_D17_C6_2.heic,/Users/sebastianricketts/Desktop/LPB/2025m7/tn_2025m7d17_pull2/tn_2025_M7_D17_C6_2.jpg,MAKE,MADE
/Users/sebastianricketts/Desktop/LPB/2025m7/2025m7d17_pull2/2025_M7_D17_C5_33.heic,/Users/sebastianricketts/Desktop/LPB/2025m7/tn_2025m7d17_pull2/tn_2025_M7_D17_C5_33.jpg,MAKE,MADE
/Users/sebastianricketts/Desktop/LPB/2025m7/2025m7d17_pull2/2025_M7_D17_C6_23.heic,/Users/sebastianricketts/Desktop/LPB/2025m7/tn_2025m7d17_pull2/tn_2025_M7_D17_C6_23.jpg,MAKE,MADE
/Users/sebastianricketts/Desktop/LPB/2025m7/2025m7d17_pull2/2025_M7_D17_C5_64.heic,/Users/sebastianricketts/Desktop/LPB/2025m7/tn_2025m7d17_pull2/tn_2025_M7_D17_C5_64.jpg,MAKE,MADE
/Users/sebastianricketts/Desktop/LPB/2025m7/2025m7d17_pull2/2025_M7_D17_C5_13.heic,/Users/sebastianricketts/Desktop/LPB/2025m7/tn_2025m7d17_pull2/tn_2025_M7_D17_C5_13.jpg,MAKE,MADE
/Users/sebastianricketts/Desktop/LPB/2025m7/2025m7d17_pull2/2025_M7_D17_C6_54.heic,/Users/sebastianricketts/Desktop/LPB/2025m7/tn_2025m7d17_pull2/tn_2025_M7_D17_C6_54.jpg,MAKE,MADE
/Users/sebastianricketts/Desktop/LPB/2025m7/2025m7d17_pull2/2025_M7_D17_C5_44.heic,/Users/sebastianricketts/Desktop/LPB/2025m7/tn_2025m7d17_pull2/tn_2025_M7_D17_C5_44.jpg,MAKE,MADE
/Users/sebastianricketts/Desktop/LPB/2025m7/2025m7d17_pull2/2025_M7_D17_C6_42.heic,/Users/sebastianricketts/Desktop/LPB/2025m7/tn_2025m7d17_pull2/tn_2025_M7_D17_C6_42.jpg,MAKE,MADE
/Users/sebastianricketts/Desktop/LPB/2025m7/2025m7d17_pull2/2025_M7_D17_C5_52.heic,/Users/sebastianricketts/Desktop/LPB/2025m7/tn_2025m7d17_pull2/tn_2025_M7_D17_C5_52.jpg,MAKE,MADE
/Users/sebastianricketts/Desktop/LPB/2025m7/2025m7d17_pull2/2025_M7_D17_C6_15.heic,/Users/sebastianricketts/Desktop/LPB/2025m7/tn_2025m7d17_pull2/tn_2025_M7_D17_C6_15.jpg,MAKE,MADE
/Users/sebastianricketts/Desktop/LPB/2025m7/2025m7d17_pull2/2025_M7_D17_C5_91.heic,/Users/sebastianricketts/Desktop/LPB/2025m7/tn_2025m7d17_pull2/tn_2025_M7_D17_C5_91.jpg,MAKE,MADE
/Users/sebastianricketts/Desktop/LPB/2025m7/2025m7d17_pull2/2025_M7_D17_C6_39.heic,/Users/sebastianricketts/Desktop/LPB/2025m7/tn_2025m7d17_pull2/tn_2025_M7_D17_C6_39.jpg,MAKE,MADE
/Users/sebastianricketts/Desktop/LPB/2025m7/2025m7d17_pull2/2025_M7_D17_C5_29.heic,/Users/sebastianricketts/Desktop/LPB/2025m7/tn_2025m7d17_pull2/tn_2025_M7_D17_C5_29.jpg,MAKE,MADE
/Users/sebastianricketts/Desktop/LPB/2025m7/2025m7d17_pull2/2025_M7_D17_C5_87.heic,/Users/sebastianricketts/Desktop/LPB/2025m7/tn_2025m7d17_pull2/tn_2025_M7_D17_C5_87.jpg,MAKE,MADE
/Users/sebastianricketts/Desktop/LPB/2025m7/2025m7d17_pull2/2025_M7_D17_C5_68.heic,/Users/sebastianricketts/Desktop/LPB/2025m7/tn_2025m7d17_pull2/tn_2025_M7_D17_C5_68.jpg,MAKE,MADE
/Users/sebastianricketts/Desktop/LPB/2025m7/2025m7d17_pull2/2025_M7_D17_C5_86.heic,/Users/sebastianricketts/Desktop/LPB/2025m7/tn_2025m7d17_pull2/tn_2025_M7_D17_C5_86.jpg,MAKE,MADE
/Users/sebastianricketts/Desktop/LPB/2025m7/2025m7d17_pull2/2025_M7_D17_C5_69.heic,/Users/sebastianricketts/Desktop/LPB/2025m7/tn_2025m7d17_pull2/tn_2025_M7_D17_C5_69.jpg,MAKE,MADE
/Users/sebastianricketts/Desktop/LPB/2025m7/2025m7d17_pull2/2025_M7_D17_C5_28.heic,/Users/sebastianricketts/Desktop/LPB/2025m7/tn_2025m7d17_pull2/tn_2025_M7_D17_C5_28.jpg,MAKE,MADE
/Users/sebastianricketts/Desktop/LPB/2025m7/2025m7d17_pull2/2025_M7_D17_C6_38.heic,/Users/sebastianricketts/Desktop/LPB/2025m7/tn_2025m7d17_pull2/tn_2025_M7_D17_C6_38.jpg,MAKE,MADE
/Users/sebastianricketts/Desktop/LPB/2025m7/2025m7d17_pull2/2025_M7_D17_C5_90.heic,/Users/sebastianricketts/Desktop/LPB/2025m7/tn_2025m7d17_pull2/tn_2025_M7_D17_C5_90.jpg,MAKE,MADE
/Users/sebastianricketts/Desktop/LPB/2025m7/2025m7d17_pull2/2025_M7_D17_C6_14.heic,/Users/sebastianricketts/Desktop/LPB/2025m7/tn_2025m7d17_pull2/tn_2025_M7_D17_C6_14.jpg,MAKE,MADE
/Users/sebastianricketts/Desktop/LPB/2025m7/2025m7d17_pull2/2025_M7_D17_C5_53.heic,/Users/sebastianricketts/Desktop/LPB/2025m7/tn_2025m7d17_pull2/tn_2025_M7_D17_C5_53.jpg,MAKE,MADE
/Users/sebastianricketts/Desktop/LPB/2025m7/2025m7d17_pull2/2025_M7_D17_C6_43.heic,/Users/sebastianricketts/Desktop/LPB/2025m7/tn_2025m7d17_pull2/tn_2025_M7_D17_C6_43.jpg,MAKE,MADE
/Users/sebastianricketts/Desktop/LPB/2025m7/2025m7d17_pull2/2025_M7_D17_C5_45.heic,/Users/sebastianricketts/Desktop/LPB/2025m7/tn_2025m7d17_pull2/tn_2025_M7_D17_C5_45.jpg,MAKE,MADE
/Users/sebastianricketts/Desktop/LPB/2025m7/2025m7d17_pull2/2025_M7_D17_C6_55.heic,/Users/sebastianricketts/Desktop/LPB/2025m7/tn_2025m7d17_pull2/tn_2025_M7_D17_C6_55.jpg,MAKE,MADE
/Users/sebastianricketts/Desktop/LPB/2025m7/2025m7d17_pull2/2025_M7_D17_C5_12.heic,/Users/sebastianricketts/Desktop/LPB/2025m7/tn_2025m7d17_pull2/tn_2025_M7_D17_C5_12.jpg,MAKE,MADE
/Users/sebastianricketts/Desktop/LPB/2025m7/2025m7d17_pull2/2025_M7_D17_C5_65.heic,/Users/sebastianricketts/Desktop/LPB/2025m7/tn_2025m7d17_pull2/tn_2025_M7_D17_C5_65.jpg,MAKE,MADE
/Users/sebastianricketts/Desktop/LPB/2025m7/2025m7d17_pull2/2025_M7_D17_C6_22.heic,/Users/sebastianricketts/Desktop/LPB/2025m7/tn_2025m7d17_pull2/tn_2025_M7_D17_C6_22.jpg,MAKE,MADE
/Users/sebastianricketts/Desktop/LPB/2025m7/2025m7d17_pull2/2025_M7_D17_C6_3.heic,/Users/sebastianricketts/Desktop/LPB/2025m7/tn_2025m7d17_pull2/tn_2025_M7_D17_C6_3.jpg,MAKE,MADE
/Users/sebastianricketts/Desktop/LPB/2025m7/2025m7d17_pull2/2025_M7_D17_C5_32.heic,/Users/sebastianricketts/Desktop/LPB/2025m7/tn_2025m7d17_pull2/tn_2025_M7_D17_C5_32.jpg,MAKE,MADE
/Users/sebastianricketts/Desktop/LPB/2025m7/2025m7d17_pull2/2025_M7_D17_C6_34.heic,/Users/sebastianricketts/Desktop/LPB/2025m7/tn_2025m7d17_pull2/tn_2025_M7_D17_C6_34.jpg,MAKE,MADE
/Users/sebastianricketts/Desktop/LPB/2025m7/2025m7d17_pull2/2025_M7_D17_C5_24.heic,/Users/sebastianricketts/Desktop/LPB/2025m7/tn_2025m7d17_pull2/tn_2025_M7_D17_C5_24.jpg,MAKE,MADE
/Users/sebastianricketts/Desktop/LPB/2025m7/2025m7d17_pull2/2025_M7_D17_C6_63.heic,/Users/sebastianricketts/Desktop/LPB/2025m7/tn_2025m7d17_pull2/tn_2025_M7_D17_C6_63.jpg,MAKE,MADE
/Users/sebastianricketts/Desktop/LPB/2025m7/2025m7d17_pull2/2025_M7_D17_C5_73.heic,/Users/sebastianricketts/Desktop/LPB/2025m7/tn_2025m7d17_pull2/tn_2025_M7_D17_C5_73.jpg,MAKE,MADE
/Users/sebastianricketts/Desktop/LPB/2025m7/2025m7d17_pull2/2025_M7_D17_C6_18.heic,/Users/sebastianricketts/Desktop/LPB/2025m7/tn_2025m7d17_pull2/tn_2025_M7_D17_C6_18.jpg,MAKE,MADE
/Users/sebastianricketts/Desktop/LPB/2025m7/2025m7d17_pull2/2025_M7_D17_C6_59.heic,/Users/sebastianricketts/Desktop/LPB/2025m7/tn_2025m7d17_pull2/tn_2025_M7_D17_C6_59.jpg,MAKE,MADE
/Users/sebastianricketts/Desktop/LPB/2025m7/2025m7d17_pull2/2025_M7_D17_C5_49.heic,/Users/sebastianricketts/Desktop/LPB/2025m7/tn_2025m7d17_pull2/tn_2025_M7_D17_C5_49.jpg,MAKE,MADE
/Users/sebastianricketts/Desktop/LPB/2025m7/2025m7d17_pull2/2025_M7_D17_C5_6.heic,/Users/sebastianricketts/Desktop/LPB/2025m7/tn_2025m7d17_pull2/tn_2025_M7_D17_C5_6.jpg,MAKE,MADE
/Users/sebastianricketts/Desktop/LPB/2025m7/2025m7d17_pull2/2025_M7_D17_C5_66.heic,/Users/sebastianricketts/Desktop/LPB/2025m7/tn_2025m7d17_pull2/tn_2025_M7_D17_C5_66.jpg,MAKE,MADE
/Users/sebastianricketts/Desktop/LPB/2025m7/2025m7d17_pull2/2025_M7_D17_C5_89.heic,/Users/sebastianricketts/Desktop/LPB/2025m7/tn_2025m7d17_pull2/tn_2025_M7_D17_C5_89.jpg,MAKE,MADE
/Users/sebastianricketts/Desktop/LPB/2025m7/2025m7d17_pull2/2025_M7_D17_C6_21.heic,/Users/sebastianricketts/Desktop/LPB/2025m7/tn_2025m7d17_pull2/tn_2025_M7_D17_C6_21.jpg,MAKE,MADE
/Users/sebastianricketts/Desktop/LPB/2025m7/2025m7d17_pull2/2025_M7_D17_C5_31.heic,/Users/sebastianricketts/Desktop/LPB/2025m7/tn_2025m7d17_pull2/tn_2025_M7_D17_C5_31.jpg,MAKE,MADE
/Users/sebastianricketts/Desktop/LPB/2025m7/2025m7d17_pull2/2025_M7_D17_C6_37.heic,/Users/sebastianricketts/Desktop/LPB/2025m7/tn_2025m7d17_pull2/tn_2025_M7_D17_C6_37.jpg,MAKE,MADE
/Users/sebastianricketts/Desktop/LPB/2025m7/2025m7d17_pull2/2025_M7_D17_C5_27.heic,/Users/sebastianricketts/Desktop/LPB/2025m7/tn_2025m7d17_pull2/tn_2025_M7_D17_C5_27.jpg,MAKE,MADE
/Users/sebastianricketts/Desktop/LPB/2025m7/2025m7d17_pull2/2025_M7_D17_C6_60.heic,/Users/sebastianricketts/Desktop/LPB/2025m7/tn_2025m7d17_pull2/tn_2025_M7_D17_C6_60.jpg,MAKE,MADE
/Users/sebastianricketts/Desktop/LPB/2025m7/2025m7d17_pull2/2025_M7_D17_C5_70.heic,/Users/sebastianricketts/Desktop/LPB/2025m7/tn_2025m7d17_pull2/tn_2025_M7_D17_C5_70.jpg,MAKE,MADE
/Users/sebastianricketts/Desktop/LPB/2025m7/2025m7d17_pull2/2025_M7_D17_C5_5.heic,/Users/sebastianricketts/Desktop/LPB/2025m7/tn_2025m7d17_pull2/tn_2025_M7_D17_C5_5.jpg,MAKE,MADE
/Users/sebastianricketts/Desktop/LPB/2025m7/2025m7d17_pull2/2025_M7_D17_C5_85.heic,/Users/sebastianricketts/Desktop/LPB/2025m7/tn_2025m7d17_pull2/tn_2025_M7_D17_C5_85.jpg,MAKE,MADE
/Users/sebastianricketts/Desktop/LPB/2025m7/2025m7d17_pull2/2025_M7_D17_C5_93.heic,/Users/sebastianricketts/Desktop/LPB/2025m7/tn_2025m7d17_pull2/tn_2025_M7_D17_C5_93.jpg,MAKE,MADE
/Users/sebastianricketts/Desktop/LPB/2025m7/2025m7d17_pull2/2025_M7_D17_C6_17.heic,/Users/sebastianricketts/Desktop/LPB/2025m7/tn_2025m7d17_pull2/tn_2025_M7_D17_C6_17.jpg,MAKE,MADE
/Users/sebastianricketts/Desktop/LPB/2025m7/2025m7d17_pull2/2025_M7_D17_C5_50.heic,/Users/sebastianricketts/Desktop/LPB/2025m7/tn_2025m7d17_pull2/tn_2025_M7_D17_C5_50.jpg,MAKE,MADE
/Users/sebastianricketts/Desktop/LPB/2025m7/2025m7d17_pull2/2025_M7_D17_C6_40.heic,/Users/sebastianricketts/Desktop/LPB/2025m7/tn_2025m7d17_pull2/tn_2025_M7_D17_C6_40.jpg,MAKE,MADE
/Users/sebastianricketts/Desktop/LPB/2025m7/2025m7d17_pull2/2025_M7_D17_C5_46.heic,/Users/sebastianricketts/Desktop/LPB/2025m7/tn_2025m7d17_pull2/tn_2025_M7_D17_C5_46.jpg,MAKE,MADE
/Users/sebastianricketts/Desktop/LPB/2025m7/2025m7d17_pull2/2025_M7_D17_C6_56.heic,/Users/sebastianricketts/Desktop/LPB/2025m7/tn_2025m7d17_pull2/tn_2025_M7_D17_C6_56.jpg,MAKE,MADE
/Users/sebastianricketts/Desktop/LPB/2025m7/2025m7d17_pull2/2025_M7_D17_C5_11.heic,/Users/sebastianricketts/Desktop/LPB/2025m7/tn_2025m7d17_pull2/tn_2025_M7_D17_C5_11.jpg,MAKE,MADE
/Users/sebastianricketts/Desktop/LPB/2025m7/2025m7d17_pull2/2025_M7_D17_C5_9.heic,/Users/sebastianricketts/Desktop/LPB/2025m7/tn_2025m7d17_pull2/tn_2025_M7_D17_C5_9.jpg,MAKE,MADE
/Users/sebastianricketts/Desktop/LPB/2025m7/2025m7d17_pull2/2025_M7_D17_C5_8.heic,/Users/sebastianricketts/Desktop/LPB/2025m7/tn_2025m7d17_pull2/tn_2025_M7_D17_C5_8.jpg,MAKE,MADE
/Users/sebastianricketts/Desktop/LPB/2025m7/2025m7d17_pull2/2025_M7_D17_C5_10.heic,/Users/sebastianricketts/Desktop/LPB/2025m7/tn_2025m7d17_pull2/tn_2025_M7_D17_C5_10.jpg,MAKE,MADE
/Users/sebastianricketts/Desktop/LPB/2025m7/2025m7d17_pull2/2025_M7_D17_C6_57.heic,/Users/sebastianricketts/Desktop/LPB/2025m7/tn_2025m7d17_pull2/tn_2025_M7_D17_C6_57.jpg,MAKE,MADE
/Users/sebastianricketts/Desktop/LPB/2025m7/2025m7d17_pull2/2025_M7_D17_C5_47.heic,/Users/sebastianricketts/Desktop/LPB/2025m7/tn_2025m7d17_pull2/tn_2025_M7_D17_C5_47.jpg,MAKE,MADE
/Users/sebastianricketts/Desktop/LPB/2025m7/2025m7d17_pull2/2025_M7_D17_C6_41.heic,/Users/sebastianricketts/Desktop/LPB/2025m7/tn_2025m7d17_pull2/tn_2025_M7_D17_C6_41.jpg,MAKE,MADE
/Users/sebastianricketts/Desktop/LPB/2025m7/2025m7d17_pull2/2025_M7_D17_C5_51.heic,/Users/sebastianricketts/Desktop/LPB/2025m7/tn_2025m7d17_pull2/tn_2025_M7_D17_C5_51.jpg,MAKE,MADE
/Users/sebastianricketts/Desktop/LPB/2025m7/2025m7d17_pull2/2025_M7_D17_C6_16.heic,/Users/sebastianricketts/Desktop/LPB/2025m7/tn_2025m7d17_pull2/tn_2025_M7_D17_C6_16.jpg,MAKE,MADE
/Users/sebastianricketts/Desktop/LPB/2025m7/2025m7d17_pull2/2025_M7_D17_C5_92.heic,/Users/sebastianricketts/Desktop/LPB/2025m7/tn_2025m7d17_pull2/tn_2025_M7_D17_C5_92.jpg,MAKE,MADE
/Users/sebastianricketts/Desktop/LPB/2025m7/2025m7d17_pull2/2025_M7_D17_C5_84.heic,/Users/sebastianricketts/Desktop/LPB/2025m7/tn_2025m7d17_pull2/tn_2025_M7_D17_C5_84.jpg,MAKE,MADE
/Users/sebastianricketts/Desktop/LPB/2025m7/2025m7d17_pull2/2025_M7_D17_C5_4.heic,/Users/sebastianricketts/Desktop/LPB/2025m7/tn_2025m7d17_pull2/tn_2025_M7_D17_C5_4.jpg,MAKE,MADE
/Users/sebastianricketts/Desktop/LPB/2025m7/2025m7d17_pull2/2025_M7_D17_C5_71.heic,/Users/sebastianricketts/Desktop/LPB/2025m7/tn_2025m7d17_pull2/tn_2025_M7_D17_C5_71.jpg,MAKE,MADE
/Users/sebastianricketts/Desktop/LPB/2025m7/2025m7d17_pull2/2025_M7_D17_C6_61.heic,/Users/sebastianricketts/Desktop/LPB/2025m7/tn_2025m7d17_pull2/tn_2025_M7_D17_C6_61.jpg,MAKE,MADE
/Users/sebastianricketts/Desktop/LPB/2025m7/2025m7d17_pull2/2025_M7_D17_C5_26.heic,/Users/sebastianricketts/Desktop/LPB/2025m7/tn_2025m7d17_pull2/tn_2025_M7_D17_C5_26.jpg,MAKE,MADE
/Users/sebastianricketts/Desktop/LPB/2025m7/2025m7d17_pull2/2025_M7_D17_C6_36.heic,/Users/sebastianricketts/Desktop/LPB/2025m7/tn_2025m7d17_pull2/tn_2025_M7_D17_C6_36.jpg,MAKE,MADE
/Users/sebastianricketts/Desktop/LPB/2025m7/2025m7d17_pull2/2025_M7_D17_C5_30.heic,/Users/sebastianricketts/Desktop/LPB/2025m7/tn_2025m7d17_pull2/tn_2025_M7_D17_C5_30.jpg,MAKE,MADE
/Users/sebastianricketts/Desktop/LPB/2025m7/2025m7d17_pull2/2025_M7_D17_C6_1.heic,/Users/sebastianricketts/Desktop/LPB/2025m7/tn_2025m7d17_pull2/tn_2025_M7_D17_C6_1.jpg,MAKE,MADE
/Users/sebastianricketts/Desktop/LPB/2025m7/2025m7d17_pull2/2025_M7_D17_C6_20.heic,/Users/sebastianricketts/Desktop/LPB/2025m7/tn_2025m7d17_pull2/tn_2025_M7_D17_C6_20.jpg,MAKE,MADE
/Users/sebastianricketts/Desktop/LPB/2025m7/2025m7d17_pull2/2025_M7_D17_C5_67.heic,/Users/sebastianricketts/Desktop/LPB/2025m7/tn_2025m7d17_pull2/tn_2025_M7_D17_C5_67.jpg,MAKE,MADE
/Users/sebastianricketts/Desktop/LPB/2025m7/2025m7d17_pull2/2025_M7_D17_C5_88.heic,/Users/sebastianricketts/Desktop/LPB/2025m7/tn_2025m7d17_pull2/tn_2025_M7_D17_C5_88.jpg,MAKE,MADE
/Users/sebastianricketts/Desktop/LPB/2025m7/2025m7d17_pull2/2025_M7_D17_C5_83.heic,/Users/sebastianricketts/Desktop/LPB/2025m7/tn_2025m7d17_pull2/tn_2025_M7_D17_C5_83.jpg,MAKE,MADE
/Users/sebastianricketts/Desktop/LPB/2025m7/2025m7d17_pull2/2025_M7_D17_C5_95.heic,/Users/sebastianricketts/Desktop/LPB/2025m7/tn_2025m7d17_pull2/tn_2025_M7_D17_C5_95.jpg,MAKE,MADE
/Users/sebastianricketts/Desktop/LPB/2025m7/2025m7d17_pull2/2025_M7_D17_C6_11.heic,/Users/sebastianricketts/Desktop/LPB/2025m7/tn_2025m7d17_pull2/tn_2025_M7_D17_C6_11.jpg,MAKE,MADE
/Users/sebastianricketts/Desktop/LPB/2025m7/2025m7d17_pull2/2025_M7_D17_C5_56.heic,/Users/sebastianricketts/Desktop/LPB/2025m7/tn_2025m7d17_pull2/tn_2025_M7_D17_C5_56.jpg,MAKE,MADE
/Users/sebastianricketts/Desktop/LPB/2025m7/2025m7d17_pull2/2025_M7_D17_C6_46.heic,/Users/sebastianricketts/Desktop/LPB/2025m7/tn_2025m7d17_pull2/tn_2025_M7_D17_C6_46.jpg,MAKE,MADE
/Users/sebastianricketts/Desktop/LPB/2025m7/2025m7d17_pull2/2025_M7_D17_C5_40.heic,/Users/sebastianricketts/Desktop/LPB/2025m7/tn_2025m7d17_pull2/tn_2025_M7_D17_C5_40.jpg,MAKE,MADE
/Users/sebastianricketts/Desktop/LPB/2025m7/2025m7d17_pull2/2025_M7_D17_C6_50.heic,/Users/sebastianricketts/Desktop/LPB/2025m7/tn_2025m7d17_pull2/tn_2025_M7_D17_C6_50.jpg,MAKE,MADE
/Users/sebastianricketts/Desktop/LPB/2025m7/2025m7d17_pull2/2025_M7_D17_C5_17.heic,/Users/sebastianricketts/Desktop/LPB/2025m7/tn_2025m7d17_pull2/tn_2025_M7_D17_C5_17.jpg,MAKE,MADE
/Users/sebastianricketts/Desktop/LPB/2025m7/2025m7d17_pull2/2025_M7_D17_C5_60.heic,/Users/sebastianricketts/Desktop/LPB/2025m7/tn_2025m7d17_pull2/tn_2025_M7_D17_C5_60.jpg,MAKE,MADE
/Users/sebastianricketts/Desktop/LPB/2025m7/2025m7d17_pull2/2025_M7_D17_C6_27.heic,/Users/sebastianricketts/Desktop/LPB/2025m7/tn_2025m7d17_pull2/tn_2025_M7_D17_C6_27.jpg,MAKE,MADE
/Users/sebastianricketts/Desktop/LPB/2025m7/2025m7d17_pull2/2025_M7_D17_C5_37.heic,/Users/sebastianricketts/Desktop/LPB/2025m7/tn_2025m7d17_pull2/tn_2025_M7_D17_C5_37.jpg,MAKE,MADE
/Users/sebastianricketts/Desktop/LPB/2025m7/2025m7d17_pull2/2025_M7_D17_C6_6.heic,/Users/sebastianricketts/Desktop/LPB/2025m7/tn_2025m7d17_pull2/tn_2025_M7_D17_C6_6.jpg,MAKE,MADE
/Users/sebastianricketts/Desktop/LPB/2025m7/2025m7d17_pull2/2025_M7_D17_C6_31.heic,/Users/sebastianricketts/Desktop/LPB/2025m7/tn_2025m7d17_pull2/tn_2025_M7_D17_C6_31.jpg,MAKE,MADE
/Users/sebastianricketts/Desktop/LPB/2025m7/2025m7d17_pull2/2025_M7_D17_C5_21.heic,/Users/sebastianricketts/Desktop/LPB/2025m7/tn_2025m7d17_pull2/tn_2025_M7_D17_C5_21.jpg,MAKE,MADE
/Users/sebastianricketts/Desktop/LPB/2025m7/2025m7d17_pull2/2025_M7_D17_C6_66.heic,/Users/sebastianricketts/Desktop/LPB/2025m7/tn_2025m7d17_pull2/tn_2025_M7_D17_C6_66.jpg,MAKE,MADE
/Users/sebastianricketts/Desktop/LPB/2025m7/2025m7d17_pull2/2025_M7_D17_C5_76.heic,/Users/sebastianricketts/Desktop/LPB/2025m7/tn_2025m7d17_pull2/tn_2025_M7_D17_C5_76.jpg,MAKE,MADE
/Users/sebastianricketts/Desktop/LPB/2025m7/2025m7d17_pull2/2025_M7_D17_C5_99.heic,/Users/sebastianricketts/Desktop/LPB/2025m7/tn_2025m7d17_pull2/tn_2025_M7_D17_C5_99.jpg,MAKE,MADE
/Users/sebastianricketts/Desktop/LPB/2025m7/2025m7d17_pull2/2025_M7_D17_C5_3.heic,/Users/sebastianricketts/Desktop/LPB/2025m7/tn_2025m7d17_pull2/tn_2025_M7_D17_C5_3.jpg,MAKE,MADE
/Users/sebastianricketts/Desktop/LPB/2025m7/2025m7d17_pull2/2025_M7_D17_C5_2.heic,/Users/sebastianricketts/Desktop/LPB/2025m7/tn_2025m7d17_pull2/tn_2025_M7_D17_C5_2.jpg,MAKE,MADE
/Users/sebastianricketts/Desktop/LPB/2025m7/2025m7d17_pull2/2025_M7_D17_C5_77.heic,/Users/sebastianricketts/Desktop/LPB/2025m7/tn_2025m7d17_pull2/tn_2025_M7_D17_C5_77.jpg,MAKE,MADE
/Users/sebastianricketts/Desktop/LPB/2025m7/2025m7d17_pull2/2025_M7_D17_C5_98.heic,/Users/sebastianricketts/Desktop/LPB/2025m7/tn_2025m7d17_pull2/tn_2025_M7_D17_C5_98.jpg,MAKE,MADE
/Users/sebastianricketts/Desktop/LPB/2025m7/2025m7d17_pull2/2025_M7_D17_C6_67.heic,/Users/sebastianricketts/Desktop/LPB/2025m7/tn_2025m7d17_pull2/tn_2025_M7_D17_C6_67.jpg,MAKE,MADE
/Users/sebastianricketts/Desktop/LPB/2025m7/2025m7d17_pull2/2025_M7_D17_C5_20.heic,/Users/sebastianricketts/Desktop/LPB/2025m7/tn_2025m7d17_pull2/tn_2025_M7_D17_C5_20.jpg,MAKE,MADE
/Users/sebastianricketts/Desktop/LPB/2025m7/2025m7d17_pull2/2025_M7_D17_C6_30.heic,/Users/sebastianricketts/Desktop/LPB/2025m7/tn_2025m7d17_pull2/tn_2025_M7_D17_C6_30.jpg,MAKE,MADE
/Users/sebastianricketts/Desktop/LPB/2025m7/2025m7d17_pull2/2025_M7_D17_C5_36.heic,/Users/sebastianricketts/Desktop/LPB/2025m7/tn_2025m7d17_pull2/tn_2025_M7_D17_C5_36.jpg,MAKE,MADE
/Users/sebastianricketts/Desktop/LPB/2025m7/2025m7d17_pull2/2025_M7_D17_C6_7.heic,/Users/sebastianricketts/Desktop/LPB/2025m7/tn_2025m7d17_pull2/tn_2025_M7_D17_C6_7.jpg,MAKE,MADE
/Users/sebastianricketts/Desktop/LPB/2025m7/2025m7d17_pull2/2025_M7_D17_C6_26.heic,/Users/sebastianricketts/Desktop/LPB/2025m7/tn_2025m7d17_pull2/tn_2025_M7_D17_C6_26.jpg,MAKE,MADE
/Users/sebastianricketts/Desktop/LPB/2025m7/2025m7d17_pull2/2025_M7_D17_C5_61.heic,/Users/sebastianricketts/Desktop/LPB/2025m7/tn_2025m7d17_pull2/tn_2025_M7_D17_C5_61.jpg,MAKE,MADE
/Users/sebastianricketts/Desktop/LPB/2025m7/2025m7d17_pull2/2025_M7_D17_C5_16.heic,/Users/sebastianricketts/Desktop/LPB/2025m7/tn_2025m7d17_pull2/tn_2025_M7_D17_C5_16.jpg,MAKE,MADE
/Users/sebastianricketts/Desktop/LPB/2025m7/2025m7d17_pull2/2025_M7_D17_C6_51.heic,/Users/sebastianricketts/Desktop/LPB/2025m7/tn_2025m7d17_pull2/tn_2025_M7_D17_C6_51.jpg,MAKE,MADE
/Users/sebastianricketts/Desktop/LPB/2025m7/2025m7d17_pull2/2025_M7_D17_C5_41.heic,/Users/sebastianricketts/Desktop/LPB/2025m7/tn_2025m7d17_pull2/tn_2025_M7_D17_C5_41.jpg,MAKE,MADE
/Users/sebastianricketts/Desktop/LPB/2025m7/2025m7d17_pull2/2025_M7_D17_C6_47.heic,/Users/sebastianricketts/Desktop/LPB/2025m7/tn_2025m7d17_pull2/tn_2025_M7_D17_C6_47.jpg,MAKE,MADE
/Users/sebastianricketts/Desktop/LPB/2025m7/2025m7d17_pull2/2025_M7_D17_C5_57.heic,/Users/sebastianricketts/Desktop/LPB/2025m7/tn_2025m7d17_pull2/tn_2025_M7_D17_C5_57.jpg,MAKE,MADE
/Users/sebastianricketts/Desktop/LPB/2025m7/2025m7d17_pull2/2025_M7_D17_C6_10.heic,/Users/sebastianricketts/Desktop/LPB/2025m7/tn_2025m7d17_pull2/tn_2025_M7_D17_C6_10.jpg,MAKE,MADE
/Users/sebastianricketts/Desktop/LPB/2025m7/2025m7d17_pull2/2025_M7_D17_C5_94.heic,/Users/sebastianricketts/Desktop/LPB/2025m7/tn_2025m7d17_pull2/tn_2025_M7_D17_C5_94.jpg,MAKE,MADE
/Users/sebastianricketts/Desktop/LPB/2025m7/2025m7d17_pull2/2025_M7_D17_C5_82.heic,/Users/sebastianricketts/Desktop/LPB/2025m7/tn_2025m7d17_pull2/tn_2025_M7_D17_C5_82.jpg,MAKE,MADE
